Comparison,Wilcoxon_Statistic,Raw_p,Corrected_p,Significant
Original vs Rewrite 1,9395.5,2.7567886438245618e-45,1.3783943219122808e-44,True
Original vs Rewrite 2,7340.0,2.5181624526908777e-50,1.2590812263454388e-49,True
Original vs Rewrite 3,1172.0,4.949240849785909e-67,2.4746204248929545e-66,True
Original vs Rewrite 4,6638.0,4.497181475308389e-52,2.2485907376541945e-51,True
Original vs Rewrite 5,2210.0,1.1390912711796563e-62,5.695456355898281e-62,True
